coop_group_store_id,southern_store_id
CG-109634-0000,SC-4705185
CG-105811-0000,SC-4705325
CG-109626-0000,SC-4705184
CG-105835-0000,SC-4705184
CG-107831-0000,SC-4705184
CG-106698-0000,SC-4700870
CG-105434-0000,SC-4705359
CG-104900-0000,SC-4705307
CG-107820-0000,SC-4705190
CG-107590-0000,SC-4705191
CG-107590-0000,SC-4705330
CG-109674-0000,SC-4705332
CG-106003-0000,SC-4705191
CG-105048-0000,SC-4705191
CG-105992-0000,SC-4705233
CG-109713-0000,SC-4705195
CG-105356-0000,SC-4700896
CG-105356-0000,SC-4705327
CG-107312-0000,SC-4700896
CG-105283-0000,SC-4705338
CG-106768-0000,SC-4705179
CG-109475-0000,SC-4705338
CG-104704-0000,SC-4705181
CG-106668-0000,SC-4700847
CG-109485-0000,SC-4705293
CG-109490-0000,SC-4705183
CG-106834-0000,SC-4700847
CG-105722-0000,SC-4705181
CG-105722-0000,SC-4705183
CG-107965-0000,SC-4705342
CG-106263-0000,SC-4705293
CG-105813-0000,SC-4705342
CG-105396-0000,SC-4705183
CG-104716-0000,SC-4705337
CG-105306-0000,SC-4705300
CG-109689-0000,SC-4705315
CG-108810-0000,SC-4705336
CG-105770-0000,SC-4705271
CG-106587-0000,SC-4705272
CG-105590-0000,SC-4705296
CG-107951-0000,SC-4700833
CG-109722-0000,SC-4705280
CG-109733-0000,SC-4705220
CG-109733-0000,SC-4705235
CG-108814-0000,SC-4700833
CG-107601-0000,SC-4705286
CG-105953-0000,SC-4705371
CG-109718-0000,SC-4705273
CG-104171-0000,SC-4700832
CG-109719-0000,SC-4705308
CG-109725-0000,SC-4705347
CG-156184-0000,SC-4705204
CG-107627-0000,SC-4705205
CG-105106-0000,SC-4700871
CG-105106-0000,SC-5029687
CG-107209-0000,SC-4700871
CG-107209-0000,SC-4705230
CG-105291-0000,SC-4700871
CG-105291-0000,SC-4705230
CG-109738-0000,SC-4700871
CG-109738-0000,SC-4705230
CG-109738-0000,SC-4705268
CG-106074-0000,SC-4705207
CG-108946-0000,SC-4705345
CG-105107-0000,SC-4705236
CG-105107-0000,SC-4705245
CG-106121-0000,SC-4705319
CG-105133-0000,SC-4705305
CG-106036-0000,SC-4705256
CG-106036-0000,SC-4705263
CG-106036-0000,SC-4705270
CG-106036-0000,SC-4705304
CG-107264-0000,SC-4705299
CG-106076-0000,SC-4705247
CG-104929-0000,SC-4700837
CG-107848-0000,SC-4969604
CG-156304-0000,SC-4969604
CG-105944-0000,SC-4969604
CG-107538-0000,SC-4700829
CG-103698-0000,SC-4969604
CG-107687-0000,SC-4700825
CG-109830-0000,SC-4700825
CG-107363-0000,SC-4705318
CG-105988-0000,SC-4700830
CG-106568-0000,SC-4705348
CG-107581-0000,SC-4705320
CG-106802-0000,SC-4705344
CG-107448-0000,SC-4705196
CG-107448-0000,SC-4705197
CG-107448-0000,SC-4705344
CG-107473-0000,SC-4705196
CG-107473-0000,SC-4705197
CG-105445-0000,SC-4705196
CG-105445-0000,SC-4705244
CG-104661-0000,SC-4705196
CG-104661-0000,SC-4705197
CG-104661-0000,SC-4705244
CG-109823-0000,SC-4705244
CG-104055-0000,SC-4705244
CG-107662-0000,SC-4705244
CG-109821-0000,SC-4705244
CG-106050-0000,SC-4705244
CG-107666-0000,SC-4705250
CG-107666-0000,SC-4705302
CG-105647-0000,SC-4705302
CG-109826-0000,SC-4705294
CG-107530-0000,SC-4700852
CG-107623-0000,SC-4700852
CG-104307-0000,SC-4700839
CG-107396-0000,SC-4705289
CG-106697-0000,SC-4705367
CG-105520-0000,SC-5896716
CG-104667-0000,SC-4705367
CG-105150-0000,SC-4700838
CG-106759-0000,SC-4700838
CG-104932-0000,SC-4700866
CG-104358-0000,SC-4700838
CG-105417-0000,SC-4700838
CG-107564-0000,SC-4700864
CG-104352-0000,SC-4700860
CG-105578-0000,SC-5891476
CG-105400-0000,SC-4700849
CG-105400-0000,SC-5891476
CG-107868-0000,SC-4700849
CG-107868-0000,SC-5891476
CG-104557-0000,SC-4700849
CG-106769-0000,SC-4700812
CG-104178-0000,SC-4700812
CG-106921-0000,SC-4700904
CG-105312-0000,SC-4700817
CG-105832-0000,SC-4700817
CG-106104-0000,SC-4700904
CG-104098-0000,SC-4700817
CG-156159-SPET,SC-4700817
CG-108994-0000,SC-4700904
CG-109888-0000,SC-4700817
CG-105528-0000,SC-4700904
CG-156167-0000,SC-4700904
CG-156167-0000,SC-5902041
CG-105541-0000,SC-4700904
CG-106216-0000,SC-4700853
CG-105942-0000,SC-4700817
CG-156158-SPET,SC-4700904
CG-105265-0000,SC-5902041
CG-105230-0000,SC-5902041
CG-106654-0000,SC-4700834
CG-109252-0000,SC-6409828
CG-109914-0000,SC-5895829
CG-107836-0000,SC-4705357
CG-104927-0000,SC-4705357
CG-109950-0000,SC-4705357
CG-105616-0000,SC-5199855
CG-107263-0000,SC-4705357
CG-153780-0000,SC-4700858
CG-103636-0000,SC-4700858
CG-106666-0000,SC-4700858
CG-105298-0000,SC-4700873
CG-105258-0000,SC-4700859
CG-107265-0000,SC-5932864
CG-103700-0000,SC-5932864
CG-103700-0000,SC-4705208
CG-104826-0000,SC-4700823
CG-106257-0000,SC-4705361
CG-107405-0000,SC-4700854
CG-107995-0000,SC-4705362
CG-107773-0000,SC-4705362
