store_id,party,longitude,latitude
SC-4700812,Southern Co-op,-0.04009346,51.38602983
SC-4700813,Southern Co-op,0.49651982,51.43423227
SC-4700815,Southern Co-op,-0.2998355,51.3090621
SC-4700816,Southern Co-op,1.2763508,51.2792272
SC-4700817,Southern Co-op,-0.0963168,51.536246
SC-4700818,Southern Co-op,-1.1335096,51.2563472
SC-4700819,Southern Co-op,-0.50554418,51.36339673
SC-4700820,Southern Co-op,-0.48364936,51.63643006
SC-4700823,Southern Co-op,0.53481466,51.09615734
SC-4700824,Southern Co-op,-0.46433315,51.22025994
SC-4700825,Southern Co-op,-0.32851993,50.83770887
SC-4700826,Southern Co-op,-1.2824648,50.6986833
SC-4700828,Southern Co-op,-0.17174922,51.54293548
SC-4700829,Southern Co-op,-0.39795203,50.83531244
SC-4700830,Southern Co-op,-0.3517982,51.0282558
SC-4700831,Southern Co-op,-2.32561245,51.37821916
SC-4700833,Southern Co-op,-1.3322342,50.9014204
SC-4700834,Southern Co-op,0.24796738,50.80788879
SC-4700835,Southern Co-op,-1.0804209,50.6867472
SC-4700837,Southern Co-op,-0.7254733,51.2903698
SC-4700838,Southern Co-op,-0.21912976,51.5045336
SC-4700839,Southern Co-op,-0.2501838,51.3476478
SC-4700841,Southern Co-op,-0.08348631,51.4193561
SC-4700842,Southern Co-op,-3.12663029,51.03005284
SC-4700844,Southern Co-op,0.10924521,51.49320242
SC-4700846,Southern Co-op,0.3460341,51.3421932
SC-4700847,Southern Co-op,-2.6347803,51.4811879
SC-4700848,Southern Co-op,-1.47471024,50.99077399
SC-4700849,Southern Co-op,-0.08902054,51.38926165
SC-4700850,Southern Co-op,-0.1744455,51.38456299
SC-4700851,Southern Co-op,-0.42567033,51.50444255
SC-4700852,Southern Co-op,-0.14458118,51.11991829
SC-4700853,Southern Co-op,-0.6277775,52.0747977
SC-4700854,Southern Co-op,0.898185,51.3141298
SC-4700857,Southern Co-op,-0.49697108,51.37442677
SC-4700858,Southern Co-op,0.1042077,51.5286112
SC-4700859,Southern Co-op,0.2499106,51.55726713
SC-4700860,Southern Co-op,-0.6956843,52.0256327
SC-4700861,Southern Co-op,-0.82506393,52.05807185
SC-4700862,Southern Co-op,-0.4609806,52.091154
SC-4700863,Southern Co-op,0.71263022,51.3470466
SC-4700864,Southern Co-op,-0.74770718,52.05389447
SC-4700865,Southern Co-op,-0.62036047,51.26282634
SC-4700866,Southern Co-op,-0.7358205,52.0178598
SC-4700867,Southern Co-op,-0.0235269,51.5395469
SC-4700868,Southern Co-op,-0.53542934,52.14449238
SC-4700869,Southern Co-op,-1.10337736,51.2752452
SC-4700870,Southern Co-op,-3.10578946,51.01989551
SC-4700871,Southern Co-op,-1.0896532,50.7911131
SC-4700872,Southern Co-op,-1.11870283,53.1187157
SC-4700873,Southern Co-op,-0.2946669,52.1413025
SC-4700874,Southern Co-op,0.5472283,51.1089868
SC-4700895,Southern Co-op,-1.6134547,53.6990057
SC-4700896,Southern Co-op,-1.85043148,50.73253433
SC-4700897,Southern Co-op,0.267957,50.7563179
SC-4700899,Southern Co-op,-2.52241,53.5488211
SC-4700900,Southern Co-op,-0.6431515,51.1714973
SC-4700902,Southern Co-op,-1.5198058,53.6325534
SC-4700903,Southern Co-op,0.12184991,51.4965826
SC-4700904,Southern Co-op,-0.07861267,51.49964954
SC-4819776,Southern Co-op,-0.654747,51.92415
SC-5029687,Southern Co-op,-1.1058932,50.7979668
SC-5199855,Southern Co-op,0.0726403,51.508222
SC-5792588,Southern Co-op,-0.1125646061515861,51.70804629825522
SC-5891476,Southern Co-op,-0.09814104,51.37121667
SC-5895829,Southern Co-op,-0.00504203,51.51287362
SC-5896716,Southern Co-op,-0.2870373,51.4897377
SC-5902041,Southern Co-op,-0.04994406,51.49717227
SC-5902616,Southern Co-op,-2.749994,51.41921533
SC-5932864,Southern Co-op,0.5530763,50.8743275
SC-5936135,Southern Co-op,-1.3836067,53.7527959
SC-6149043,Southern Co-op,-0.6067829,51.48148
SC-6409828,Southern Co-op,-3.17023712,52.9689614
SC-4700821,Southern Co-op,-1.29974291,50.9643109
SC-4705216,Southern Co-op,-1.3827266,50.9720073
SC-4705218,Southern Co-op,-1.2125212,50.95455024
SC-4705220,Southern Co-op,-1.3854707,50.9845342
SC-4705227,Southern Co-op,-1.30438045,50.9678484
SC-4705235,Southern Co-op,-1.3597343,50.9777177
SC-4705255,Southern Co-op,-1.49806254,50.98903741
SC-4705258,Southern Co-op,-1.4847244,50.988369
SC-4705266,Southern Co-op,-1.3217193,50.9964239
SC-4705272,Southern Co-op,-1.4488283,50.9761751
SC-4705274,Southern Co-op,-1.48099555,50.99347367
SC-4705296,Southern Co-op,-1.40419128,50.89821414
SC-4705310,Southern Co-op,-1.47613975,50.99964581
SC-4705312,Southern Co-op,-1.3598209,50.9697169
SC-4705336,Southern Co-op,-1.40896711,50.91611547
SC-4705355,Southern Co-op,-1.3433838,50.9292552
SC-4705356,Southern Co-op,-1.4736415,51.003709
SC-4705181,Southern Co-op,-2.5195147,51.4400771
SC-4705182,Southern Co-op,-2.4839284,51.4461266
SC-4705183,Southern Co-op,-2.5269015,51.4618901
SC-4705233,Southern Co-op,-2.3278095,51.23056668
SC-4705254,Southern Co-op,-2.5072153,51.4088791
SC-4705293,Southern Co-op,-2.5801386,51.4773651
SC-4705300,Southern Co-op,-2.25532,51.35051
SC-4705315,Southern Co-op,-2.2003555,51.4285578
SC-4705323,Southern Co-op,-2.573403,51.4400528
SC-4705328,Southern Co-op,-2.1856865,51.0081334
SC-4705337,Southern Co-op,-2.5609569,51.5001345
SC-4705338,Southern Co-op,-2.5903574,51.4506347
SC-4705339,Southern Co-op,-2.30406216,50.92764964
SC-4705342,Southern Co-op,-2.35285139,51.37649917
SC-4705365,Southern Co-op,-2.2688994,51.0900674
SC-4705179,Southern Co-op,-2.684626,51.478891
SC-4705184,Southern Co-op,-3.5497812,50.7205693
SC-4705185,Southern Co-op,-3.40989565,50.63204961
SC-4705231,Southern Co-op,-2.77669007,51.42894492
SC-4705234,Southern Co-op,-2.8760835,51.3299748
SC-4705249,Southern Co-op,-2.99955462,51.10886899
SC-4705278,Southern Co-op,-3.1488356,51.026274
SC-4705283,Southern Co-op,-3.18730048,51.03929631
SC-4705307,Southern Co-op,-2.44447453,50.54094144
SC-4705314,Southern Co-op,-3.4154472,50.7475484
SC-4705325,Southern Co-op,-3.39135294,50.63666109
SC-4705329,Southern Co-op,-2.75698079,51.49098925
SC-4705359,Southern Co-op,-2.47990392,50.60897862
SC-4705199,Southern Co-op,-0.75200755,51.23725112
SC-4705240,Southern Co-op,-0.2152736,51.3282372
SC-4705289,Southern Co-op,-0.2745555,51.36392135
SC-4705301,Southern Co-op,-0.6043504,51.3479806
SC-4705318,Southern Co-op,-0.6153862,51.4826026
SC-4705320,Southern Co-op,-0.33779118,51.0647645
SC-4705324,Southern Co-op,-0.49874258,51.36952561
SC-4705331,Southern Co-op,-0.2053619,51.24244412
SC-4705341,Southern Co-op,-0.49976955,51.42071461
SC-4705348,Southern Co-op,-0.48692964,51.3579204
SC-4705354,Southern Co-op,-0.78978204,51.43131057
SC-4705357,Southern Co-op,0.1031574,51.4455449
SC-4705367,Southern Co-op,-0.2202201,51.4210276
SC-4705370,Southern Co-op,-0.36391122,51.06663683
SC-4969604,Southern Co-op,-0.5758534,51.242884
SC-4705178,Southern Co-op,-1.3289766,51.3965234
SC-4705192,Southern Co-op,-1.1199225,51.2815336
SC-4705201,Southern Co-op,-1.2627219,51.2434147
SC-4705210,Southern Co-op,-1.11040445,51.25708105
SC-4705214,Southern Co-op,-1.14212787,51.22957097
SC-4705295,Southern Co-op,-1.53123392,51.50778979
SC-4705321,Southern Co-op,-1.7862498,51.0709429
SC-4705351,Southern Co-op,-1.7867971,51.10105086
SC-4705358,Southern Co-op,-1.33749625,51.40833816
SC-4705368,Southern Co-op,-1.09717492,51.28400355
SC-4705371,Southern Co-op,-1.44284708,51.20532536
SC-4705372,Southern Co-op,-1.46647738,51.22802632
SC-4700814,Southern Co-op,-1.5175368,50.8947314
SC-4700822,Southern Co-op,-1.4509552,50.8908124
SC-4700836,Southern Co-op,-1.5775637,50.81923796
SC-4705180,Southern Co-op,-1.7971482,50.7216571
SC-4705188,Southern Co-op,-1.9303024,50.7676314
SC-4705190,Southern Co-op,-2.0033894,50.7415267
SC-4705191,Southern Co-op,-1.96295226,50.72956788
SC-4705195,Southern Co-op,-1.857598,50.7547849
SC-4705211,Southern Co-op,-1.8371465,50.9114768
SC-4705251,Southern Co-op,-1.5884987,50.7255269
SC-4705271,Southern Co-op,-1.3804619,50.8316592
SC-4705327,Southern Co-op,-1.8674666,50.7237796
SC-4705330,Southern Co-op,-1.97774415,50.72497758
SC-4705332,Southern Co-op,-1.9877136,50.804969
SC-4705334,Southern Co-op,-1.86530762,50.87868217
SC-4700827,Southern Co-op,-0.9625238,50.8611556
SC-4705207,Southern Co-op,-0.9999185,50.8651127
SC-4705222,Southern Co-op,-1.0179336,50.8952652
SC-4705224,Southern Co-op,-0.9384996,51.2544488
SC-4705228,Southern Co-op,-1.0655378,50.9040804
SC-4705232,Southern Co-op,-0.9742487,50.8626709
SC-4705237,Southern Co-op,-1.1875641,50.8992671
SC-4705242,Southern Co-op,-0.8045245,51.0803679
SC-4705257,Southern Co-op,-0.81692884,51.20172153
SC-4705277,Southern Co-op,-1.044454,50.86860056
SC-4705286,Southern Co-op,-1.2669568,50.8812175
SC-4705247,Southern Co-op,-0.6861345,50.7897665
SC-4705256,Southern Co-op,-0.7876146,50.8241984
SC-4705260,Southern Co-op,-0.61021009,50.81939742
SC-4705263,Southern Co-op,-0.76149499,50.83370721
SC-4705270,Southern Co-op,-0.7739646,50.8410355
SC-4705275,Southern Co-op,-0.4901444,50.8158722
SC-4705299,Southern Co-op,-0.719355,50.7865857
SC-4705304,Southern Co-op,-0.79061128,50.84206565
SC-4705305,Southern Co-op,-0.7916333,50.7319104
SC-4705309,Southern Co-op,-0.48397341,50.82881314
SC-4705311,Southern Co-op,-0.4468565,50.8153477
SC-4705319,Southern Co-op,-0.8730081,50.7693622
SC-4705369,Southern Co-op,-0.784188,50.8593048
SC-5199578,Southern Co-op,-0.651805572,50.85379415
SC-4705212,Southern Co-op,-1.02948512,50.8603469
SC-4705213,Southern Co-op,-1.0654452,50.8219844
SC-4705215,Southern Co-op,-1.06084649,50.80860689
SC-4705217,Southern Co-op,-1.0742044,50.830425
SC-4705230,Southern Co-op,-1.06197197,50.78662551
SC-4705236,Southern Co-op,-0.9263629,50.8617824
SC-4705245,Southern Co-op,-0.9368563,50.8472848
SC-4705246,Southern Co-op,-1.05025896,50.84632745
SC-4705253,Southern Co-op,-1.0843145,50.8193647
SC-4705262,Southern Co-op,-1.05404986,50.84282147
SC-4705265,Southern Co-op,-1.0822069,50.841127
SC-4705268,Southern Co-op,-1.0552408,50.7907128
SC-4705292,Southern Co-op,-1.0712582,50.8090679
SC-4705297,Southern Co-op,-0.8478006,50.8418138
SC-4705303,Southern Co-op,-0.8511128,50.83962112
SC-4705313,Southern Co-op,-0.9102776,50.8454396
SC-4705345,Southern Co-op,-0.976353,50.7936799
SC-4700832,Southern Co-op,-1.22052967,50.828489
SC-4705204,Southern Co-op,-1.16998596,50.82851782
SC-4705205,Southern Co-op,-1.1486366,50.803536
SC-4705206,Southern Co-op,-1.1367712,50.8434323
SC-4705219,Southern Co-op,-1.1451836,50.8086476
SC-4705239,Southern Co-op,-1.2020477,50.8014194
SC-4705243,Southern Co-op,-1.2341422,50.8492084
SC-4705248,Southern Co-op,-1.31248764,50.69165471
SC-4705252,Southern Co-op,-1.1923124,50.8050516
SC-4705273,Southern Co-op,-1.1784192,50.6307882
SC-4705280,Southern Co-op,-1.3021947,50.7543925
SC-4705285,Southern Co-op,-1.0886952,50.6911268
SC-4705306,Southern Co-op,-1.1328559,50.8089203
SC-4705308,Southern Co-op,-1.1519946,50.6621003
SC-4705347,Southern Co-op,-1.1670177,50.7241846
SC-4705349,Southern Co-op,-1.2792072,50.652906
SC-4705193,Southern Co-op,-0.08801159,50.86772992
SC-4705194,Southern Co-op,0.2661659,50.7997372
SC-4705196,Southern Co-op,-0.19172571,50.833956
SC-4705197,Southern Co-op,-0.1875864,50.8389366
SC-4705208,Southern Co-op,0.5479516,50.8811339
SC-4705244,Southern Co-op,-0.1559683,50.82545215
SC-4705250,Southern Co-op,-0.13811699,50.95621899
SC-4705282,Southern Co-op,0.7188329,51.2378162
SC-4705294,Southern Co-op,-0.0958572,50.9933478
SC-4705298,Southern Co-op,1.0007737,51.3440445
SC-4705302,Southern Co-op,-0.12313005,50.95851956
SC-4705333,Southern Co-op,0.31840659,50.78545514
SC-4705340,Southern Co-op,1.3128744,51.3348394
SC-4705344,Southern Co-op,-0.2178892,50.8357474
SC-4705361,Southern Co-op,0.84639597,51.15401528
SC-4705362,Southern Co-op,1.0307289,51.3588394
CG-106874-0000,Co-operative Group,-3.4669493,50.581211
CG-109634-0000,Co-operative Group,-3.412466599999999,50.6194898
CG-105811-0000,Co-operative Group,-3.388612599999999,50.6243942
CG-107656-0000,Co-operative Group,-3.4655307,50.68367800000001
CG-105974-0000,Co-operative Group,-3.3265389,50.6293623
CG-109626-0000,Co-operative Group,-3.5409588,50.7172649
CG-105835-0000,Co-operative Group,-3.5354058,50.7170256
CG-109629-0000,Co-operative Group,-3.5047542,50.7214744
CG-107831-0000,Co-operative Group,-3.5349554,50.7267032
CG-103662-0000,Co-operative Group,-3.522885555556,50.726226944444
CG-104962-0000,Co-operative Group,-3.5257182,50.73089039999999
CG-105619-0000,Co-operative Group,-3.518674,50.73154
CG-105622-0000,Co-operative Group,-3.462093,50.746011
CG-109653-0000,Co-operative Group,-3.2276187,50.9781595
CG-106698-0000,Co-operative Group,-3.1013041,51.0297315
CG-104652-0000,Co-operative Group,-3.188385,51.0604586
CG-106680-0000,Co-operative Group,-3.0945342,51.0326977
CG-105121-0000,Co-operative Group,-3.062231,51.0361217
CG-105434-0000,Co-operative Group,-2.4914059,50.6122756
CG-103661-0000,Co-operative Group,-2.459532385941452,50.60040016238284
CG-109651-0000,Co-operative Group,-2.9866709,51.126025
CG-104955-0000,Co-operative Group,-2.4433559,50.5599342
CG-106896-0000,Co-operative Group,-2.982837,51.1311099
CG-104900-0000,Co-operative Group,-2.4359086,50.5456235
CG-105221-0000,Co-operative Group,-2.937176,51.162787
CG-106752-0000,Co-operative Group,-2.9764536,51.3385198
CG-106564-0000,Co-operative Group,-2.8174648,51.2870757
CG-105231-0000,Co-operative Group,-2.25353,50.90526
CG-104720-0000,Co-operative Group,-2.832912,51.314513
CG-109479-0000,Co-operative Group,-2.9281071,51.35981579999999
CG-107429-0000,Co-operative Group,-2.2761587,51.0424492
CG-109480-0000,Co-operative Group,-2.8192113,51.3868584
CG-105228-0000,Co-operative Group,-2.0273122,50.7378862
CG-108953-0000,Co-operative Group,-2.0071436,50.7165687
CG-107334-0000,Co-operative Group,-2.0212588,50.7653632
CG-104817-0000,Co-operative Group,-2.016853499999999,50.7744595
CG-107820-0000,Co-operative Group,-1.9989899,50.7428594
CG-107590-0000,Co-operative Group,-1.9701029,50.73781229999999
CG-109674-0000,Co-operative Group,-1.9857493,50.7995259
CG-106003-0000,Co-operative Group,-1.95200746150542,50.72359929477605
CG-105048-0000,Co-operative Group,-1.952867,50.731172
CG-105992-0000,Co-operative Group,-2.3214662,51.221448
CG-107432-0000,Co-operative Group,-1.9378575,50.740498
CG-107327-0000,Co-operative Group,-1.9630776,50.80987880000001
CG-106667-0000,Co-operative Group,-2.6661954,51.4288684
CG-105387-0000,Co-operative Group,-2.781346,51.481566
CG-104129-0000,Co-operative Group,-1.8933389,50.7219101
CG-105775-0000,Co-operative Group,-2.5771096,51.40724059999999
CG-104625-0000,Co-operative Group,-2.6140485,51.4253636
CG-104345-0000,Co-operative Group,-1.8865766,50.75150230000001
CG-109713-0000,Co-operative Group,-1.8741286,50.7552113
CG-106833-0000,Co-operative Group,-2.5462773,51.41197739999999
CG-105356-0000,Co-operative Group,-1.859239,50.722681
CG-107312-0000,Co-operative Group,-1.8637009,50.7401588
CG-105283-0000,Co-operative Group,-2.61129,51.445781
CG-105322-0000,Co-operative Group,-2.3235131,51.2999495
CG-109477-0000,Co-operative Group,-2.6202093,51.4544825
CG-106768-0000,Co-operative Group,-2.6771806,51.48945639999999
CG-109475-0000,Co-operative Group,-2.602103,51.461366
CG-106550-0000,Co-operative Group,-2.6952576,51.4991508
CG-106600-0000,Co-operative Group,-2.3802777,51.3583916
CG-104704-0000,Co-operative Group,-2.5379467,51.44061579999999
CG-107519-0000,Co-operative Group,-2.3963017,51.372016
CG-106668-0000,Co-operative Group,-2.6414369,51.486009
CG-109707-0000,Co-operative Group,-1.8185269,50.7270952
CG-156316-0000,Co-operative Group,-1.822240229279832,50.74811954296439
CG-109485-0000,Co-operative Group,-2.5907071,51.4732298
CG-109490-0000,Co-operative Group,-2.5453193,51.4547641
CG-106834-0000,Co-operative Group,-2.6249291,51.4881087
CG-105885-0000,Co-operative Group,-2.6576125,51.5023442
CG-109478-0000,Co-operative Group,-2.6119836,51.4853295
CG-106055-0000,Co-operative Group,-2.3774443637428693,51.37681519166004
CG-105722-0000,Co-operative Group,-2.5181564,51.4498638
CG-109476-0000,Co-operative Group,-2.619745,51.4931297
CG-107965-0000,Co-operative Group,-2.3663019,51.374036
CG-106263-0000,Co-operative Group,-2.5874009,51.481704857365024
CG-104111-0000,Co-operative Group,-1.793014299999999,50.7479932
CG-105813-0000,Co-operative Group,-2.36499,51.3879537
CG-105702-0000,Co-operative Group,-2.6296071,51.51135619999999
CG-104840-0000,Co-operative Group,-2.6214183,51.50920989999999
CG-105396-0000,Co-operative Group,-2.51455,51.46672
CG-104716-0000,Co-operative Group,-2.5808228,51.49666
CG-106841-0000,Co-operative Group,-2.5254077,51.48210230000001
CG-109685-0000,Co-operative Group,-2.3448671,51.3975691
CG-105306-0000,Co-operative Group,-2.250427,51.347149
CG-109487-0000,Co-operative Group,-2.5046082,51.4883426
CG-106891-0000,Co-operative Group,-1.7360636,50.7812383
CG-104950-0000,Co-operative Group,-1.7915413,50.9269554
CG-106628-0000,Co-operative Group,-2.5085109,51.52258759999999
CG-108870-0000,Co-operative Group,-1.8630167,51.0808261
CG-156460-0000,Co-operative Group,-2.480177380306525,51.532943762329374
CG-105577-0000,Co-operative Group,-1.6715681653770769,50.73932322016709
CG-107926-0000,Co-operative Group,-1.8211174,51.0747925
CG-107364-0000,Co-operative Group,-2.1249748,51.3765823
CG-107303-0000,Co-operative Group,-1.7975842,51.083592
CG-109689-0000,Co-operative Group,-2.1867497,51.4321862
CG-105111-0000,Co-operative Group,-1.6080544283104454,50.7844520208586
CG-104199-0000,Co-operative Group,-2.1427313,51.4561068
CG-108868-0000,Co-operative Group,-1.7636436,51.1641815
CG-105239-0000,Co-operative Group,-1.7655029,51.1680355
CG-105989-0000,Co-operative Group,-1.7654895,51.1680422
CG-104703-0000,Co-operative Group,-2.1182147,51.4708586
CG-107737-0000,Co-operative Group,-1.5004901,50.9268681
CG-107663-0000,Co-operative Group,-1.4861093,50.9154788
CG-107588-0000,Co-operative Group,-1.4629965,50.94496299999999
CG-108810-0000,Co-operative Group,-1.4231275,50.9145368
CG-105770-0000,Co-operative Group,-1.3838084,50.83404849999999
CG-106587-0000,Co-operative Group,-1.4378556,50.9779456
CG-105590-0000,Co-operative Group,-1.39286,50.89591
CG-107904-0000,Co-operative Group,-1.377884,50.897865
CG-106869-0000,Co-operative Group,-1.3774302,50.90049090000001
CG-104145-0000,Co-operative Group,-1.3690061,50.8926313
CG-104112-0000,Co-operative Group,-1.3876579,50.9442243
CG-107939-0000,Co-operative Group,-1.3582876,50.8864001
CG-107567-0000,Co-operative Group,-1.3518458,50.873411
CG-105415-0000,Co-operative Group,-1.36218,50.90443
CG-107688-0000,Co-operative Group,-1.3555668,50.9014463
CG-107951-0000,Co-operative Group,-1.3518081,50.8944273
CG-107849-0000,Co-operative Group,-1.3292311,50.86226029999999
CG-109722-0000,Co-operative Group,-1.288204,50.758018
CG-109733-0000,Co-operative Group,-1.3745748,50.9878619
CG-105716-0000,Co-operative Group,-1.3150845,50.8588821
CG-108814-0000,Co-operative Group,-1.3340501,50.9082505
CG-107760-0000,Co-operative Group,-1.2993918,50.8534985
CG-105533-0000,Co-operative Group,-1.49617,51.20321
CG-109726-0000,Co-operative Group,-1.3025488,50.91351299999999
CG-107601-0000,Co-operative Group,-1.2681477,50.8718716
CG-105953-0000,Co-operative Group,-1.4599851,51.2100462
CG-109721-0000,Co-operative Group,-1.2056185,50.59492590000001
CG-107272-0000,Co-operative Group,-1.2706566,50.91448279999999
CG-109718-0000,Co-operative Group,-1.1802805,50.6318165
CG-104171-0000,Co-operative Group,-1.2132526,50.8253049
CG-109734-0000,Co-operative Group,-1.2096638,50.8594925
CG-107398-0000,Co-operative Group,-1.1958376,50.84392219999999
CG-109719-0000,Co-operative Group,-1.1528436,50.6549046
CG-109725-0000,Co-operative Group,-1.1619514,50.7287809
CG-156184-0000,Co-operative Group,-1.18807153,50.83447328340672
CG-107627-0000,Co-operative Group,-1.1593007,50.79385809999999
CG-107210-0000,Co-operative Group,-1.6189095,51.47973289999999
CG-109696-0000,Co-operative Group,-1.3393499,51.2298766
CG-105106-0000,Co-operative Group,-1.10344,50.7998848
CG-107209-0000,Co-operative Group,-1.0794992,50.7871003
CG-105291-0000,Co-operative Group,-1.0764277,50.7794401
CG-109738-0000,Co-operative Group,-1.0710354,50.7865469
CG-106091-0000,Co-operative Group,-1.34072,51.382513
CG-106074-0000,Co-operative Group,-1.004928313990208,50.85575341319392
CG-108946-0000,Co-operative Group,-0.9751605000000004,50.7872253
CG-105476-0000,Co-operative Group,-1.1777733591963542,51.24959386158718
CG-105107-0000,Co-operative Group,-0.9367952,50.8611947
CG-107558-0000,Co-operative Group,-1.2577033,51.4025652
CG-107729-0000,Co-operative Group,-1.2482441,51.3973656
CG-107728-0000,Co-operative Group,-1.2470486,51.4085287
CG-106088-0000,Co-operative Group,-1.276910970426567,51.45298723608133
CG-106121-0000,Co-operative Group,-0.8572083834449957,50.76514339216609
CG-105655-0000,Co-operative Group,-1.1406714113755565,51.348314725079554
CG-105116-0000,Co-operative Group,-1.0430834,51.2657848
CG-105133-0000,Co-operative Group,-0.7920198,50.7343665
CG-106036-0000,Co-operative Group,-0.774551,50.836004
CG-104135-0000,Co-operative Group,-0.738107,50.7702278
CG-107264-0000,Co-operative Group,-0.7165372000000001,50.7849587
CG-108928-0000,Co-operative Group,-0.7169682,50.8514191
CG-106076-0000,Co-operative Group,-0.67666,50.792463
CG-106111-0000,Co-operative Group,-0.669752777778,50.831503055556
CG-106109-0000,Co-operative Group,-0.8494262784360405,51.25330682812216
CG-104996-0000,Co-operative Group,-0.751176,51.1108761
CG-107240-0000,Co-operative Group,-0.6409128000000001,50.8317405
CG-108826-0000,Co-operative Group,-0.8352124,51.2836721
CG-104194-0000,Co-operative Group,-0.7426081999999999,51.2511844
CG-107340-0000,Co-operative Group,-0.7760514,51.31140629999999
CG-108889-0000,Co-operative Group,-0.7485474999999999,51.2764641
CG-104587-0000,Co-operative Group,-0.7242569999999999,51.2461715
CG-107224-0000,Co-operative Group,-0.5522903,50.85291249999999
CG-105193-0000,Co-operative Group,-0.719856,51.25751810000001
CG-104929-0000,Co-operative Group,-0.7396208999999998,51.2888831
CG-109808-0000,Co-operative Group,-0.7931721,51.3684744
CG-107597-0000,Co-operative Group,-0.7796812999999999,51.35275110000001
CG-106056-0000,Co-operative Group,-0.7553019580905748,51.327118727369545
CG-156324-0000,Co-operative Group,-0.7421,51.32005
CG-105369-0000,Co-operative Group,-0.78279,51.40484
CG-107851-0000,Co-operative Group,-0.7658203,51.3928796
CG-107810-0000,Co-operative Group,-0.7263098000000001,51.3479186
CG-107827-0000,Co-operative Group,-0.7558568,51.4045567
CG-104930-0000,Co-operative Group,-0.6043019999999999,51.1956296
CG-109809-0000,Co-operative Group,-0.6920558,51.3612513
CG-105194-0000,Co-operative Group,-0.6647375999999999,51.3507192
CG-105707-0000,Co-operative Group,-0.5975667,51.2503211
CG-107848-0000,Co-operative Group,-0.5865398,51.2378435
CG-156304-0000,Co-operative Group,-0.5877605637456955,51.242743139741
CG-105944-0000,Co-operative Group,-0.5872265,51.2493446
CG-104939-0000,Co-operative Group,-0.4111641,50.8192852
CG-107538-0000,Co-operative Group,-0.4112089,50.83546949999999
CG-105859-0000,Co-operative Group,-0.6169141000000001,51.3180584
CG-103698-0000,Co-operative Group,-0.566526944444,51.237830555556
CG-104987-0000,Co-operative Group,-0.402062,50.81337240000001
CG-156465-SPET,Co-operative Group,-0.4622295526584224,51.022826007178445
CG-106879-0000,Co-operative Group,-0.6075744,51.3161649
CG-107689-0000,Co-operative Group,-0.3922138,50.8191763
CG-107784-0000,Co-operative Group,-0.5951445,51.3123468
CG-105054-0000,Co-operative Group,-0.3878964999999999,50.8184395
CG-107953-0000,Co-operative Group,-0.3788951,50.809978
CG-104329-0000,Co-operative Group,-0.5749637000000001,51.3091395
CG-109837-0000,Co-operative Group,-0.3749346000000001,50.82900850000001
CG-105227-0000,Co-operative Group,-0.5606096938659668,51.29950267521045
CG-108951-0000,Co-operative Group,-0.5746536,51.3238035
CG-107648-0000,Co-operative Group,-0.4492761,51.0900808
CG-107445-0000,Co-operative Group,-0.3514706,50.8155684
CG-107687-0000,Co-operative Group,-0.3413636,50.8313357
CG-109830-0000,Co-operative Group,-0.321952,50.8297864
CG-107363-0000,Co-operative Group,-0.6348087000000001,51.4788897
CG-109818-0000,Co-operative Group,-0.3296654000000001,50.8885501
CG-106687-0000,Co-operative Group,-0.5114456,51.32673759999999
CG-105310-0000,Co-operative Group,-0.4940017,51.299583
CG-156475-0000,Co-operative Group,-0.57237084,51.42788486039628
CG-105988-0000,Co-operative Group,-0.351707,51.0247644
CG-106604-0000,Co-operative Group,-0.5857587,51.4625883
CG-106568-0000,Co-operative Group,-0.5035205,51.3488568
CG-104083-0000,Co-operative Group,-0.6309359,51.5320129
CG-106772-0000,Co-operative Group,-0.275595,50.83194609999999
CG-109819-0000,Co-operative Group,-0.2714851,50.8336655
CG-106039-0000,Co-operative Group,-0.555989,51.456302
CG-105307-0000,Co-operative Group,-0.4730803,51.3377993
CG-107581-0000,Co-operative Group,-0.329054,51.0754794
CG-107679-0000,Co-operative Group,-0.250117,50.8411962
CG-103715-0000,Co-operative Group,-0.5086860553527395,51.43518578370941
CG-106802-0000,Co-operative Group,-0.2358509,50.8345594
CG-107669-0000,Co-operative Group,-0.5546774,51.5019985
CG-107641-0000,Co-operative Group,-0.3024726999999999,51.0734444
CG-104105-0000,Co-operative Group,-0.2724906,50.99057850000001
CG-104305-0000,Co-operative Group,-0.2320616,50.8513992
CG-156323-0000,Co-operative Group,-0.57388,51.53302
CG-108811-0000,Co-operative Group,-0.5852711,51.5490807
CG-109861-0000,Co-operative Group,-0.4484402,51.3950621
CG-109849-0000,Co-operative Group,-0.3740414,51.27876020000001
CG-107448-0000,Co-operative Group,-0.2022225,50.8426025
CG-109810-0000,Co-operative Group,-0.4628609,51.4329159
CG-107473-0000,Co-operative Group,-0.181472,50.8329797
CG-105445-0000,Co-operative Group,-0.17716,50.825115
CG-107897-0000,Co-operative Group,-0.4118894,51.3913909
CG-104293-0000,Co-operative Group,-0.5046676999999999,51.51993119999999
CG-107481-0000,Co-operative Group,-0.5209893000000001,51.54292780000001
CG-104661-0000,Co-operative Group,-0.1737273,50.83104549999999
CG-109823-0000,Co-operative Group,-0.170964,50.8276231
CG-107477-0000,Co-operative Group,-0.176602,50.93308189999999
CG-104055-0000,Co-operative Group,-0.1487778,50.8321133
CG-107307-0000,Co-operative Group,-0.5691533999999999,51.6331726
CG-107662-0000,Co-operative Group,-0.1472297,50.8306879
CG-106624-0000,Co-operative Group,-0.1508897,50.863057
CG-109821-0000,Co-operative Group,-0.1410151,50.8232116
CG-109842-0000,Co-operative Group,-0.2225056,51.1036071
CG-105946-0000,Co-operative Group,-0.4360146999999999,51.4873989
CG-106050-0000,Co-operative Group,-0.1356999492933904,50.83006517013982
CG-106814-0000,Co-operative Group,-0.1322001,50.82061299999999
CG-109852-0000,Co-operative Group,-0.3456245999999999,51.36092060000001
CG-104871-0000,Co-operative Group,-0.1349243,50.8435915
CG-105586-0000,Co-operative Group,-0.126598888889,50.83487
CG-105360-0000,Co-operative Group,-0.499167,51.582369
CG-107652-0000,Co-operative Group,-0.1223486,50.8189095
CG-107485-0000,Co-operative Group,-0.1223486,50.8189095
CG-105797-0000,Co-operative Group,-0.212769,51.122137
CG-104169-0000,Co-operative Group,-0.3467657,51.385098
CG-107774-0000,Co-operative Group,-0.1060458,50.8182113
CG-105875-0000,Co-operative Group,-0.1976637,51.1280987
CG-105761-0000,Co-operative Group,-0.4487096,51.5511782
CG-107666-0000,Co-operative Group,-0.134274,50.9647829
CG-107628-0000,Co-operative Group,-0.1804644,51.10220549999999
CG-104177-0000,Co-operative Group,-0.1429617,51.0145289
CG-105424-0000,Co-operative Group,-0.481879444444,51.604874166667
CG-105840-0000,Co-operative Group,-0.4213016,51.5319495
CG-105086-0000,Co-operative Group,-0.350893,51.436265
CG-107871-0000,Co-operative Group,-0.4450717,51.5645675
CG-105647-0000,Co-operative Group,-0.114326666667,50.955551388889
CG-105311-0000,Co-operative Group,-0.244944,51.282972
CG-109826-0000,Co-operative Group,-0.1167816,50.9902729
CG-106797-0000,Co-operative Group,-0.2093249,51.2246027
CG-106885-0000,Co-operative Group,-0.2676433,51.3340749
CG-107915-0000,Co-operative Group,-0.0746123,50.837202
CG-107530-0000,Co-operative Group,-0.1531987,51.1074518
CG-105388-0000,Co-operative Group,-0.295079,51.384844
CG-105493-0000,Co-operative Group,-0.31807,51.42034
CG-107391-0000,Co-operative Group,-0.2632415,51.3342538
CG-107623-0000,Co-operative Group,-0.1538649,51.1177786
CG-104913-0000,Co-operative Group,-0.1997098,51.2241905
CG-107637-0000,Co-operative Group,-0.1975605,51.22444900000001
CG-106856-0000,Co-operative Group,-0.2401108999999999,51.310107
CG-105328-0000,Co-operative Group,-0.294774,51.401211
CG-104307-0000,Co-operative Group,-0.2602437,51.3498772
CG-104257-0000,Co-operative Group,-0.322961,51.449552
CG-107396-0000,Co-operative Group,-0.2635326,51.36785440000001
CG-104174-0000,Co-operative Group,-0.2935337,51.41916699999999
CG-104085-0000,Co-operative Group,-0.325999,51.468426
CG-104119-0000,Co-operative Group,-0.2623821,51.3849348
CG-106837-0000,Co-operative Group,-0.2467077,51.3627492
CG-109834-0000,Co-operative Group,-0.0816557,51.01219889999999
CG-106057-0000,Co-operative Group,-0.409251,51.600837
CG-104842-0000,Co-operative Group,-0.448121,51.64814479999999
CG-106075-0000,Co-operative Group,-0.340191,51.522704
CG-107379-0000,Co-operative Group,-0.3401691,51.5226929
CG-108996-0000,Co-operative Group,-0.3142763,51.4890026
CG-105329-0000,Co-operative Group,-0.4354626,51.6502203
CG-105224-0000,Co-operative Group,-0.8859172,52.0497276
CG-106794-0000,Co-operative Group,-0.3061954000000001,51.5000174
CG-107685-0000,Co-operative Group,-0.1156408,51.1718459
CG-105543-0000,Co-operative Group,-0.8028035,51.99782373405776
CG-106730-0000,Co-operative Group,-0.3153776,51.5256686
CG-104991-0000,Co-operative Group,-0.2230982,51.3925423
CG-156180-0000,Co-operative Group,-0.3127261422426909,51.52647808778898
CG-106697-0000,Co-operative Group,-0.2319208000000001,51.4095873
CG-105374-0000,Co-operative Group,-0.145684,51.2603898
CG-107346-0000,Co-operative Group,-0.0775990999999999,51.1209722
CG-109867-0000,Co-operative Group,-0.3832450999999999,51.6280951
CG-105520-0000,Co-operative Group,-0.27619,51.49241
CG-104348-0000,Co-operative Group,-0.8066757,52.0220562
CG-105452-0000,Co-operative Group,-0.2677,51.48148
CG-107830-0000,Co-operative Group,-0.7791409,52.0018469
CG-103629-0000,Co-operative Group,-0.24102,51.449469
CG-104667-0000,Co-operative Group,-0.2142327,51.4095508
CG-106577-0000,Co-operative Group,-0.754114,51.990499
CG-105976-0000,Co-operative Group,-0.1736093,51.3568058
CG-105522-0000,Co-operative Group,-0.28483,51.526403
CG-106804-0000,Co-operative Group,-0.397529,51.6693553
CG-104110-0000,Co-operative Group,-0.2218509,51.44097419999999
CG-103691-0000,Co-operative Group,-0.2830208476244915,51.5294224132662
CG-107794-0000,Co-operative Group,-0.2677741,51.5159526
CG-105220-0000,Co-operative Group,-0.6368584,51.9115268
CG-103679-0000,Co-operative Group,-0.2842477,51.54056497182084
CG-109853-0000,Co-operative Group,-0.1610456,51.3652187
CG-105939-0000,Co-operative Group,-0.7228599,51.98916579999999
CG-108851-0000,Co-operative Group,-0.1976665,51.4350685
CG-156174-0000,Co-operative Group,-0.243422087,51.5033230040228
CG-105431-0000,Co-operative Group,-0.190665,51.4267
CG-105150-0000,Co-operative Group,-0.238873,51.499997
CG-109880-0000,Co-operative Group,-0.2101183,51.45886700000001
CG-105549-0000,Co-operative Group,-0.279229,51.559484
CG-106759-0000,Co-operative Group,-0.2380255,51.5062615
CG-105473-0000,Co-operative Group,-0.17803,51.41776
CG-105380-0000,Co-operative Group,-0.22307,51.48801
CG-105426-0000,Co-operative Group,-0.17575,51.42064
CG-107944-0000,Co-operative Group,-0.1343738,51.353302
CG-105309-0000,Co-operative Group,-0.21231,51.480294
CG-104191-0000,Co-operative Group,-0.2132802,51.4827792
CG-108976-0000,Co-operative Group,-0.1901177,51.4503488
CG-105514-0000,Co-operative Group,-0.203327,51.472254
CG-104682-0000,Co-operative Group,-0.7913580000000001,52.06489810000001
CG-104932-0000,Co-operative Group,-0.7342245000000001,52.0227374
CG-106949-0000,Co-operative Group,-0.200863,51.474874
CG-104943-0000,Co-operative Group,-0.7463689000000001,52.03662199999999
CG-104089-0000,Co-operative Group,-0.184499,51.4576325
CG-105816-0000,Co-operative Group,-0.1011935,51.3257783
CG-105472-0000,Co-operative Group,-0.231637,51.531434
CG-104358-0000,Co-operative Group,-0.2164854,51.5106964
CG-105417-0000,Co-operative Group,-0.2179523,51.5136465
CG-105839-0000,Co-operative Group,-0.2624133,51.57376300000001
CG-104253-0000,Co-operative Group,-0.1814907,51.46563020000001
CG-109886-0000,Co-operative Group,-0.1935305,51.4923198
CG-105477-0000,Co-operative Group,-0.1322,51.399811
CG-106842-0000,Co-operative Group,-0.1393683,51.4154104
CG-109874-0000,Co-operative Group,-0.1810397,51.4815796
CG-105368-0000,Co-operative Group,-0.15431,51.44165
CG-107564-0000,Co-operative Group,-0.7469852,52.06025389999999
CG-104352-0000,Co-operative Group,-0.710293,52.0340719
CG-109889-0000,Co-operative Group,-0.2026830999999999,51.52493
CG-106079-0000,Co-operative Group,-0.220575,51.549748
CG-105578-0000,Co-operative Group,-0.09908,51.36565
CG-108804-0000,Co-operative Group,-0.1700307,51.47888519999999
CG-105643-0000,Co-operative Group,-0.240083333333,51.577777777778
CG-105428-0000,Co-operative Group,-0.148328,51.448564
CG-105662-0000,Co-operative Group,-0.1232916366384163,51.4111062636497
CG-105120-0000,Co-operative Group,-0.25013,51.59509
CG-105613-0000,Co-operative Group,-0.206277777778,51.537138888889
CG-105670-0000,Co-operative Group,-0.153043,51.466056
CG-105718-0000,Co-operative Group,-0.0644257,51.3197132
CG-105400-0000,Co-operative Group,-0.0961,51.376703
CG-109890-0000,Co-operative Group,-0.2149708,51.5572018
CG-104373-0000,Co-operative Group,-0.2103863,51.5528501
CG-104158-0000,Co-operative Group,-0.1392518,51.45479919999999
CG-103056-0000,Co-operative Group,-0.220762828782144,51.57121490120397
CG-109900-0000,Co-operative Group,-0.1269875,51.4385336
CG-153778-0000,Co-operative Group,-0.105847216,51.40886979
CG-105421-0000,Co-operative Group,-0.2078,51.5605
CG-107868-0000,Co-operative Group,-0.0865331,51.3804544
CG-104351-0000,Co-operative Group,-0.6988701,52.0476061
CG-104201-0000,Co-operative Group,-0.2256891,51.5898698
CG-104824-0000,Co-operative Group,-0.6468336,52.0113294
CG-104306-0000,Co-operative Group,-0.6848925,52.0435408
CG-104721-0000,Co-operative Group,-0.7436584,52.0875221
CG-104287-0000,Co-operative Group,-0.19728,51.563164
CG-109902-0000,Co-operative Group,-0.1035863,51.43432989999999
CG-109899-0000,Co-operative Group,-0.1064656,51.4399318
CG-104557-0000,Co-operative Group,-0.0698527,51.3819496
CG-105626-0000,Co-operative Group,-0.15485,51.51648
CG-104220-0000,Co-operative Group,-0.160139,51.525217
CG-105591-0000,Co-operative Group,-0.1576895894523676,51.52331256359512
CG-106573-0000,Co-operative Group,-0.7236091,52.08652790000001
CG-106010-0000,Co-operative Group,-0.11686924,51.46662538984514
CG-105371-0000,Co-operative Group,-0.123004,51.477335
CG-105347-0000,Co-operative Group,-0.112268,51.47161
CG-109848-0000,Co-operative Group,-0.0380546,51.350941
CG-105186-0000,Co-operative Group,-0.1344774336786834,51.51282012901429
CG-106769-0000,Co-operative Group,-0.0469354,51.3753527
CG-104316-0000,Co-operative Group,-0.1009699,51.4663606
CG-108697-0000,Co-operative Group,-0.1264097,51.5083074
CG-105389-0000,Co-operative Group,-0.18139,51.58583
CG-104031-0000,Co-operative Group,-0.145107,51.5377792
CG-104915-0000,Co-operative Group,-0.0577667999999999,51.4062741
CG-104742-0000,Co-operative Group,-0.1028752,51.4781967
CG-104086-0000,Co-operative Group,-0.114235,51.499855
CG-106555-0000,Co-operative Group,-0.0162329,51.34235690000001
CG-109901-0000,Co-operative Group,-0.0933406,51.4734495
CG-104365-0000,Co-operative Group,-0.117731,51.513991
CG-104178-0000,Co-operative Group,-0.038286,51.391648
CG-104343-0000,Co-operative Group,-0.1407609,51.54953399999999
CG-105818-0000,Co-operative Group,-0.1407609,51.54953399999999
CG-104203-0000,Co-operative Group,-0.1305233,51.537701
CG-109897-0000,Co-operative Group,-0.0751266999999999,51.4587737
CG-106921-0000,Co-operative Group,-0.0992356999999999,51.5004511
CG-108969-0000,Co-operative Group,-0.1139195,51.5220174
CG-105062-0000,Co-operative Group,-0.1010321,51.5062418
CG-107375-0000,Co-operative Group,-0.0622632,51.4535582
CG-103612-0000,Co-operative Group,-0.10438,51.520369
CG-105312-0000,Co-operative Group,-0.10862,51.52649
CG-105832-0000,Co-operative Group,-0.1173744,51.54103519999999
CG-104582-0000,Co-operative Group,-0.1346146,51.5650094
CG-105333-0000,Co-operative Group,-0.134587,51.564972
CG-104181-0000,Co-operative Group,-0.0973011999999999,51.5147273
CG-103611-0000,Co-operative Group,-0.048039,51.442389
CG-106104-0000,Co-operative Group,-0.0791951497851216,51.494748564577456
CG-103649-0000,Co-operative Group,-0.025871,51.410912
CG-106065-0000,Co-operative Group,-0.125763888889,51.562351111111
CG-104813-0000,Co-operative Group,0.0009746,51.3697179
CG-103614-0000,Co-operative Group,-0.089618,51.515599
CG-104622-0000,Co-operative Group,-0.1595281,51.6121853
CG-103618-0000,Co-operative Group,-0.0563724236109063,51.466570616180086
CG-104098-0000,Co-operative Group,-0.0991793999999999,51.5304134
CG-156159-SPET,Co-operative Group,-0.094672916,51.52945787
CG-108994-0000,Co-operative Group,-0.07317,51.5004198
CG-109888-0000,Co-operative Group,-0.0902183,51.5256103
CG-105053-0000,Co-operative Group,-0.1095518,51.553312
CG-105528-0000,Co-operative Group,-0.07977,51.51233
CG-108781-0000,Co-operative Group,-0.0439184,51.4587928
CG-103766-0000,Co-operative Group,-0.132759213,51.5874118479073
CG-156167-0000,Co-operative Group,-0.067777374,51.49646502
CG-105541-0000,Co-operative Group,-0.07516,51.51111
CG-106216-0000,Co-operative Group,-0.610446946391857,52.067697688757846
CG-105863-0000,Co-operative Group,-0.0369437999999999,51.45483929999999
CG-105942-0000,Co-operative Group,-0.0891436,51.5356819
CG-104629-0000,Co-operative Group,-0.021136,51.4323984
CG-105346-0000,Co-operative Group,-0.034047,51.459091
CG-106206-0000,Co-operative Group,-0.12273741,51.58943511154763
CG-156158-SPET,Co-operative Group,-0.063473247,51.50969489
CG-105620-0000,Co-operative Group,-0.0969128294515454,51.56967881879068
CG-104764-0000,Co-operative Group,-0.0104169,51.4421198
CG-106110-0000,Co-operative Group,0.010045277778,51.410864166667
CG-105265-0000,Co-operative Group,-0.039077,51.490883
CG-108849-0000,Co-operative Group,-0.075086,51.546126
CG-105449-0000,Co-operative Group,-0.075258,51.552167
CG-105349-0000,Co-operative Group,-0.021706,51.474356
CG-105767-0000,Co-operative Group,-0.0063881,51.4512672
CG-105230-0000,Co-operative Group,-0.041728333333,51.506812777778
CG-105602-0000,Co-operative Group,-0.05688,51.53211
CG-104881-0000,Co-operative Group,0.0123133,51.42689319999999
CG-107282-0000,Co-operative Group,-0.2016981,51.72209399999999
CG-108986-0000,Co-operative Group,-0.0509989,51.52782209999999
CG-104700-0000,Co-operative Group,0.0341117,51.3932806
CG-106675-0000,Co-operative Group,-0.1766958,51.6947157
CG-106654-0000,Co-operative Group,0.2446525999999999,50.8214419
CG-105059-0000,Co-operative Group,-0.021607,51.498776
CG-104563-0000,Co-operative Group,0.2562221000000001,50.777889
CG-107544-0000,Co-operative Group,-0.5479638999999998,52.0630068
CG-105118-0000,Co-operative Group,0.0133359,51.4484791
CG-105084-0000,Co-operative Group,-0.0355091,51.5249681
CG-104315-0000,Co-operative Group,-0.015811,51.4988172
CG-108998-0000,Co-operative Group,-0.0458001,51.5479049
CG-105422-0000,Co-operative Group,-0.044292,51.552389
CG-107420-0000,Co-operative Group,0.2673541,50.7840716
CG-108999-0000,Co-operative Group,-0.0519949,51.5640345
CG-105068-0000,Co-operative Group,0.2532746,50.8788463
CG-105658-0000,Co-operative Group,0.002672,51.487482
CG-105703-0000,Co-operative Group,0.0059292,51.4852946
CG-107516-0000,Co-operative Group,0.0456558,51.4269362
CG-109252-0000,Co-operative Group,-3.1669924,52.9687545
CG-109822-0000,Co-operative Group,0.2846642,50.767469
CG-103626-0000,Co-operative Group,0.011784,51.496974
CG-106122-0000,Co-operative Group,0.01654202,51.49171160392312
CG-107981-0000,Co-operative Group,0.0404258999999999,51.4554912
CG-105823-0000,Co-operative Group,0.035179,51.4744972
CG-109914-0000,Co-operative Group,0.0092902,51.51610280000001
CG-108696-0000,Co-operative Group,0.0690792,51.42110539999999
CG-105344-0000,Co-operative Group,-0.040372,51.587977
CG-107961-0000,Co-operative Group,0.0505937999999999,51.4566802
CG-156306-0000,Co-operative Group,-0.093752777778,51.6638625
CG-104774-0000,Co-operative Group,0.0370773,51.4820011
CG-107673-0000,Co-operative Group,0.2949769,50.80840399999999
CG-107678-0000,Co-operative Group,0.0459042,51.4727982
CG-105757-0000,Co-operative Group,-0.0352557,51.59655189999999
CG-104732-0000,Co-operative Group,0.0709086,51.43844559999999
CG-104733-0000,Co-operative Group,-0.0661547,51.6430824
CG-105871-0000,Co-operative Group,-0.0817768999999999,51.6638491
CG-107299-0000,Co-operative Group,0.1072317,51.38243670000001
CG-105579-0000,Co-operative Group,0.0186086773054559,51.53112543098027
CG-105340-0000,Co-operative Group,-0.0262998,51.5997269
CG-106818-0000,Co-operative Group,0.1056878,51.4038969
CG-107836-0000,Co-operative Group,0.0869487999999999,51.441248
CG-105481-0000,Co-operative Group,-0.00384,51.58777
CG-109913-0000,Co-operative Group,0.0244353,51.5491639
CG-105746-0000,Co-operative Group,0.0697764999999999,51.48127299999999
CG-105749-0000,Co-operative Group,-0.047075,51.65725099999999
CG-104927-0000,Co-operative Group,0.093389,51.4573913
CG-104981-0000,Co-operative Group,-0.0865760999999999,51.7102247
CG-105898-0000,Co-operative Group,0.0808490999999999,51.480588
CG-109950-0000,Co-operative Group,0.1044794,51.4510723
CG-107486-0000,Co-operative Group,-0.4998587,52.1154957
CG-109926-0000,Co-operative Group,0.0268492,51.5774969
CG-105616-0000,Co-operative Group,0.073799,51.509307
CG-107208-0000,Co-operative Group,0.1257009,51.4359171
CG-107263-0000,Co-operative Group,0.1213669,51.4480076
CG-105269-0000,Co-operative Group,0.028678,51.591348
CG-104788-0000,Co-operative Group,-0.0486341,51.7093436
CG-106090-0000,Co-operative Group,0.1223601122157246,51.469046419905375
CG-106646-0000,Co-operative Group,0.1329157,51.4640359
CG-109919-0000,Co-operative Group,-0.0374916,51.7084376
CG-153780-0000,Co-operative Group,0.108117,51.520874
CG-104926-0000,Co-operative Group,0.0949548999999999,51.5460813
CG-105926-0000,Co-operative Group,0.1465719,51.4654178
CG-105435-0000,Co-operative Group,0.069661,51.587455
CG-108693-0000,Co-operative Group,0.1451472,51.4819756
CG-106139-0000,Co-operative Group,0.14836021,51.4778970986854
CG-103636-0000,Co-operative Group,0.1249838142057608,51.52350260536274
CG-106666-0000,Co-operative Group,0.1135706,51.5411921
CG-104961-0000,Co-operative Group,0.1278117,51.53928699999999
CG-104775-0000,Co-operative Group,0.1912978,51.44377859999999
CG-105165-0000,Co-operative Group,-0.438609,52.1486908
CG-106128-0000,Co-operative Group,0.257461944444,51.3507
CG-105735-0000,Co-operative Group,0.2156673,51.43437069999999
CG-107846-0000,Co-operative Group,-0.4274001,52.1526407
CG-156175-0000,Co-operative Group,0.13558,51.58436
CG-104668-0000,Co-operative Group,0.3067338,51.293373
CG-109918-0000,Co-operative Group,0.1758067,51.5645292
CG-109817-0000,Co-operative Group,0.4734765,50.8400907
CG-106895-0000,Co-operative Group,0.3049722,51.3658314
CG-105480-0000,Co-operative Group,0.1991495,51.5489906
CG-105338-0000,Co-operative Group,0.176583,51.598377
CG-105928-0000,Co-operative Group,0.2998985000000001,51.3982079
CG-105069-0000,Co-operative Group,0.309743,51.383892
CG-107248-0000,Co-operative Group,0.4852863,50.9161932
CG-109939-0000,Co-operative Group,0.2558632000000001,51.49910269999999
CG-106884-0000,Co-operative Group,0.5001525000000001,50.8509618
CG-105595-0000,Co-operative Group,0.207658,51.577341
CG-106059-0000,Co-operative Group,0.201339,51.587046
CG-108929-0000,Co-operative Group,-0.2464065,52.0831187
CG-105298-0000,Co-operative Group,-0.288169,52.128871
CG-105258-0000,Co-operative Group,0.238719,51.558317
CG-109925-0000,Co-operative Group,0.2185443,51.6063505
CG-105724-0000,Co-operative Group,0.2334467,51.5935103
CG-107873-0000,Co-operative Group,0.3509938999999999,51.4059448
CG-107704-0000,Co-operative Group,0.5599960999999999,50.8528984
CG-107265-0000,Co-operative Group,0.5589101,50.8634884
CG-103700-0000,Co-operative Group,0.569877,50.878746
CG-104826-0000,Co-operative Group,0.532167,51.0949439
CG-103624-0000,Co-operative Group,0.386094,51.438988
CG-104355-0000,Co-operative Group,0.442489722222,51.33021
CG-106012-0000,Co-operative Group,0.457458683401793,51.3419876049183
CG-107593-0000,Co-operative Group,0.6089882000000001,50.87225830000001
CG-104964-0000,Co-operative Group,-0.1911645,52.1553421
CG-104850-0000,Co-operative Group,0.4525379,51.3741886
CG-104669-0000,Co-operative Group,0.483783,51.3726023
CG-104867-0000,Co-operative Group,0.506204,51.3733522
CG-104863-0000,Co-operative Group,0.5080429,51.3805314
CG-106625-0000,Co-operative Group,0.5169654,51.3665111
CG-106047-0000,Co-operative Group,0.507344,51.390036
CG-104340-0000,Co-operative Group,0.5125780999999999,51.4124306
CG-107814-0000,Co-operative Group,0.5364068,51.4024341
CG-104747-0000,Co-operative Group,0.5498877000000001,51.377528
CG-105778-0000,Co-operative Group,0.5628129,51.4198784
CG-105584-0000,Co-operative Group,0.67518,51.24175
CG-107889-0000,Co-operative Group,0.6476428000000001,51.3760053
CG-107682-0000,Co-operative Group,0.7337758000000001,51.3317923
CG-107549-0000,Co-operative Group,0.7527159999999999,51.34092529999999
CG-106220-0000,Co-operative Group,0.763871944444,51.336516111111
CG-106728-0000,Co-operative Group,0.853133,51.1392859
CG-106257-0000,Co-operative Group,0.8531055920037879,51.14283078407538
CG-106865-0000,Co-operative Group,0.7995974,51.32793050000001
CG-105791-0000,Co-operative Group,0.8914637000000001,51.1411683
CG-103647-0000,Co-operative Group,0.887818,51.164587
CG-105817-0000,Co-operative Group,0.8879650000000001,51.1648303
CG-107405-0000,Co-operative Group,0.8894409,51.3124375
CG-105874-0000,Co-operative Group,0.9370048,51.1838761
CG-105046-0000,Co-operative Group,-1.1800311,53.1400058
CG-107995-0000,Co-operative Group,1.0244499,51.35546120000001
CG-107773-0000,Co-operative Group,1.0254301,51.3539752
CG-106952-0000,Co-operative Group,-1.0339054,53.1020701
CG-155698-0000,Co-operative Group,1.059279,51.297802
CG-104951-0000,Co-operative Group,-1.1606599,53.1531247
CG-155697-0000,Co-operative Group,1.067409,51.296229
CG-104801-0000,Co-operative Group,-1.1241063,53.16022539999999
CG-108026-0000,Co-operative Group,-2.598427099999999,53.5182144
CG-107731-0000,Co-operative Group,-2.458474,53.510023
CG-107659-0000,Co-operative Group,1.1109282,51.3663045
CG-103656-0000,Co-operative Group,1.127163547282073,51.35865495262804
CG-104597-0000,Co-operative Group,1.2008052,51.2257275
CG-108396-0000,Co-operative Group,-2.4275796,53.5466548
CG-105135-0000,Co-operative Group,-2.5864332,53.56954219999999
CG-108079-0000,Co-operative Group,-2.4653719,53.5668878
CG-105217-0000,Co-operative Group,-2.533386,53.5894886
CG-108078-0000,Co-operative Group,-2.5485783,53.59848900000001
CG-106736-0000,Co-operative Group,1.3369201,51.2748729
CG-109964-0000,Co-operative Group,1.303798,51.376083
CG-104648-0000,Co-operative Group,1.3046459,51.375398
CG-109967-0000,Co-operative Group,1.3398952,51.3816761
CG-107892-0000,Co-operative Group,1.407394,51.3306661
CG-108188-0000,Co-operative Group,-1.529436,53.586154
CG-106560-0000,Co-operative Group,-1.4793823,53.578941
CG-107234-0000,Co-operative Group,-1.4999676,53.584773
CG-106724-0000,Co-operative Group,-1.4555163,53.5982197
CG-108486-0000,Co-operative Group,-1.6944545,53.6736143
CG-108487-0000,Co-operative Group,-1.701672,53.680977
CG-108490-0000,Co-operative Group,-1.62448,53.664249
CG-108488-0000,Co-operative Group,-1.6928622,53.68802839999999
CG-108477-0000,Co-operative Group,-1.5553701,53.6593933
CG-108492-0000,Co-operative Group,-1.5798224,53.6806301
CG-106615-0000,Co-operative Group,-1.4971607,53.7147591
CG-108470-0000,Co-operative Group,-1.6629714,53.75649019999999
CG-108509-0000,Co-operative Group,-1.4759168,53.7138363
CG-104972-0000,Co-operative Group,-1.6283185,53.75719
CG-108610-0000,Co-operative Group,-1.4457496,53.75345459999999
CG-105848-0000,Co-operative Group,-1.3676275,53.7662092
CG-155691-0000,Co-operative Group,-1.449316,53.798159
CG-108596-0000,Co-operative Group,-1.3881938,53.7941261
