centroid_store_id,centroid_party,other_party_stores_within_5min
CG-103636-0000,Co-operative Group,1
CG-103661-0000,Co-operative Group,1
CG-103698-0000,Co-operative Group,1
CG-103700-0000,Co-operative Group,1
CG-103715-0000,Co-operative Group,1
CG-104055-0000,Co-operative Group,1
CG-104129-0000,Co-operative Group,1
CG-104171-0000,Co-operative Group,2
CG-104178-0000,Co-operative Group,1
CG-104194-0000,Co-operative Group,1
CG-104306-0000,Co-operative Group,1
CG-104307-0000,Co-operative Group,2
CG-104340-0000,Co-operative Group,1
CG-104351-0000,Co-operative Group,2
CG-104352-0000,Co-operative Group,3
CG-104358-0000,Co-operative Group,1
CG-104563-0000,Co-operative Group,1
CG-104587-0000,Co-operative Group,1
CG-104661-0000,Co-operative Group,2
CG-104682-0000,Co-operative Group,2
CG-104720-0000,Co-operative Group,1
CG-104826-0000,Co-operative Group,2
CG-104900-0000,Co-operative Group,1
CG-104927-0000,Co-operative Group,1
CG-104932-0000,Co-operative Group,3
CG-104939-0000,Co-operative Group,1
CG-104943-0000,Co-operative Group,3
CG-104955-0000,Co-operative Group,1
CG-104981-0000,Co-operative Group,1
CG-105048-0000,Co-operative Group,2
CG-105054-0000,Co-operative Group,1
CG-105106-0000,Co-operative Group,2
CG-105107-0000,Co-operative Group,3
CG-105133-0000,Co-operative Group,1
CG-105228-0000,Co-operative Group,1
CG-105230-0000,Co-operative Group,1
CG-105258-0000,Co-operative Group,1
CG-105283-0000,Co-operative Group,1
CG-105291-0000,Co-operative Group,3
CG-105298-0000,Co-operative Group,1
CG-105306-0000,Co-operative Group,1
CG-105307-0000,Co-operative Group,1
CG-105356-0000,Co-operative Group,2
CG-105396-0000,Co-operative Group,1
CG-105400-0000,Co-operative Group,1
CG-105415-0000,Co-operative Group,1
CG-105434-0000,Co-operative Group,1
CG-105445-0000,Co-operative Group,3
CG-105452-0000,Co-operative Group,1
CG-105520-0000,Co-operative Group,1
CG-105578-0000,Co-operative Group,1
CG-105584-0000,Co-operative Group,1
CG-105590-0000,Co-operative Group,1
CG-105616-0000,Co-operative Group,1
CG-105647-0000,Co-operative Group,1
CG-105707-0000,Co-operative Group,1
CG-105722-0000,Co-operative Group,3
CG-105770-0000,Co-operative Group,1
CG-105811-0000,Co-operative Group,2
CG-105835-0000,Co-operative Group,1
CG-105848-0000,Co-operative Group,1
CG-105942-0000,Co-operative Group,1
CG-105944-0000,Co-operative Group,1
CG-105946-0000,Co-operative Group,1
CG-105953-0000,Co-operative Group,1
CG-105988-0000,Co-operative Group,1
CG-105992-0000,Co-operative Group,1
CG-106003-0000,Co-operative Group,2
CG-106036-0000,Co-operative Group,4
CG-106055-0000,Co-operative Group,1
CG-106074-0000,Co-operative Group,1
CG-106076-0000,Co-operative Group,2
CG-106091-0000,Co-operative Group,1
CG-106104-0000,Co-operative Group,1
CG-106121-0000,Co-operative Group,1
CG-106257-0000,Co-operative Group,1
CG-106263-0000,Co-operative Group,1
CG-106568-0000,Co-operative Group,1
CG-106577-0000,Co-operative Group,1
CG-106587-0000,Co-operative Group,2
CG-106604-0000,Co-operative Group,1
CG-106654-0000,Co-operative Group,1
CG-106668-0000,Co-operative Group,1
CG-106697-0000,Co-operative Group,1
CG-106698-0000,Co-operative Group,1
CG-106728-0000,Co-operative Group,1
CG-106759-0000,Co-operative Group,1
CG-106769-0000,Co-operative Group,1
CG-106794-0000,Co-operative Group,1
CG-106802-0000,Co-operative Group,1
CG-106834-0000,Co-operative Group,1
CG-106837-0000,Co-operative Group,1
CG-106885-0000,Co-operative Group,1
CG-107209-0000,Co-operative Group,3
CG-107240-0000,Co-operative Group,2
CG-107263-0000,Co-operative Group,1
CG-107264-0000,Co-operative Group,2
CG-107265-0000,Co-operative Group,2
CG-107303-0000,Co-operative Group,2
CG-107312-0000,Co-operative Group,3
CG-107327-0000,Co-operative Group,1
CG-107363-0000,Co-operative Group,2
CG-107391-0000,Co-operative Group,2
CG-107396-0000,Co-operative Group,2
CG-107405-0000,Co-operative Group,1
CG-107420-0000,Co-operative Group,1
CG-107448-0000,Co-operative Group,3
CG-107473-0000,Co-operative Group,4
CG-107530-0000,Co-operative Group,1
CG-107538-0000,Co-operative Group,1
CG-107564-0000,Co-operative Group,2
CG-107581-0000,Co-operative Group,2
CG-107590-0000,Co-operative Group,2
CG-107601-0000,Co-operative Group,1
CG-107623-0000,Co-operative Group,1
CG-107627-0000,Co-operative Group,1
CG-107662-0000,Co-operative Group,1
CG-107666-0000,Co-operative Group,2
CG-107687-0000,Co-operative Group,1
CG-107689-0000,Co-operative Group,1
CG-107704-0000,Co-operative Group,1
CG-107773-0000,Co-operative Group,2
CG-107820-0000,Co-operative Group,1
CG-107830-0000,Co-operative Group,1
CG-107836-0000,Co-operative Group,1
CG-107848-0000,Co-operative Group,1
CG-107868-0000,Co-operative Group,2
CG-107951-0000,Co-operative Group,1
CG-107965-0000,Co-operative Group,1
CG-107995-0000,Co-operative Group,2
CG-108810-0000,Co-operative Group,1
CG-108814-0000,Co-operative Group,1
CG-108928-0000,Co-operative Group,2
CG-108946-0000,Co-operative Group,1
CG-108994-0000,Co-operative Group,1
CG-109252-0000,Co-operative Group,1
CG-109476-0000,Co-operative Group,1
CG-109485-0000,Co-operative Group,1
CG-109626-0000,Co-operative Group,1
CG-109634-0000,Co-operative Group,1
CG-109674-0000,Co-operative Group,1
CG-109689-0000,Co-operative Group,1
CG-109707-0000,Co-operative Group,1
CG-109713-0000,Co-operative Group,1
CG-109718-0000,Co-operative Group,1
CG-109719-0000,Co-operative Group,1
CG-109722-0000,Co-operative Group,1
CG-109725-0000,Co-operative Group,1
CG-109733-0000,Co-operative Group,2
CG-109734-0000,Co-operative Group,1
CG-109738-0000,Co-operative Group,3
CG-109821-0000,Co-operative Group,1
CG-109822-0000,Co-operative Group,1
CG-109823-0000,Co-operative Group,2
CG-109830-0000,Co-operative Group,1
CG-109834-0000,Co-operative Group,1
CG-109837-0000,Co-operative Group,1
CG-109914-0000,Co-operative Group,1
CG-109950-0000,Co-operative Group,1
CG-156167-0000,Co-operative Group,1
SC-4700812,Southern Co-op,2
SC-4700820,Southern Co-op,1
SC-4700823,Southern Co-op,1
SC-4700825,Southern Co-op,2
SC-4700827,Southern Co-op,1
SC-4700829,Southern Co-op,6
SC-4700830,Southern Co-op,1
SC-4700832,Southern Co-op,1
SC-4700833,Southern Co-op,4
SC-4700834,Southern Co-op,1
SC-4700838,Southern Co-op,2
SC-4700839,Southern Co-op,5
SC-4700842,Southern Co-op,1
SC-4700847,Southern Co-op,3
SC-4700849,Southern Co-op,2
SC-4700851,Southern Co-op,1
SC-4700852,Southern Co-op,2
SC-4700854,Southern Co-op,1
SC-4700859,Southern Co-op,1
SC-4700860,Southern Co-op,5
SC-4700861,Southern Co-op,1
SC-4700864,Southern Co-op,7
SC-4700866,Southern Co-op,7
SC-4700870,Southern Co-op,1
SC-4700871,Southern Co-op,4
SC-4700873,Southern Co-op,1
SC-4700874,Southern Co-op,1
SC-4700896,Southern Co-op,3
SC-4700897,Southern Co-op,1
SC-4700904,Southern Co-op,3
SC-4705178,Southern Co-op,1
SC-4705180,Southern Co-op,1
SC-4705181,Southern Co-op,1
SC-4705183,Southern Co-op,2
SC-4705184,Southern Co-op,3
SC-4705185,Southern Co-op,2
SC-4705190,Southern Co-op,2
SC-4705191,Southern Co-op,3
SC-4705194,Southern Co-op,1
SC-4705195,Southern Co-op,2
SC-4705196,Southern Co-op,5
SC-4705197,Southern Co-op,4
SC-4705199,Southern Co-op,2
SC-4705205,Southern Co-op,1
SC-4705207,Southern Co-op,1
SC-4705208,Southern Co-op,1
SC-4705212,Southern Co-op,1
SC-4705216,Southern Co-op,1
SC-4705220,Southern Co-op,1
SC-4705230,Southern Co-op,3
SC-4705233,Southern Co-op,1
SC-4705236,Southern Co-op,1
SC-4705239,Southern Co-op,1
SC-4705243,Southern Co-op,1
SC-4705244,Southern Co-op,6
SC-4705245,Southern Co-op,1
SC-4705247,Southern Co-op,2
SC-4705250,Southern Co-op,1
SC-4705256,Southern Co-op,1
SC-4705258,Southern Co-op,1
SC-4705260,Southern Co-op,1
SC-4705263,Southern Co-op,1
SC-4705268,Southern Co-op,3
SC-4705270,Southern Co-op,1
SC-4705271,Southern Co-op,1
SC-4705272,Southern Co-op,1
SC-4705273,Southern Co-op,1
SC-4705280,Southern Co-op,1
SC-4705282,Southern Co-op,1
SC-4705286,Southern Co-op,1
SC-4705289,Southern Co-op,3
SC-4705293,Southern Co-op,2
SC-4705294,Southern Co-op,2
SC-4705296,Southern Co-op,2
SC-4705298,Southern Co-op,2
SC-4705299,Southern Co-op,3
SC-4705300,Southern Co-op,1
SC-4705302,Southern Co-op,2
SC-4705304,Southern Co-op,1
SC-4705305,Southern Co-op,1
SC-4705307,Southern Co-op,2
SC-4705308,Southern Co-op,1
SC-4705318,Southern Co-op,1
SC-4705319,Southern Co-op,1
SC-4705320,Southern Co-op,1
SC-4705321,Southern Co-op,1
SC-4705325,Southern Co-op,1
SC-4705327,Southern Co-op,3
SC-4705330,Southern Co-op,3
SC-4705332,Southern Co-op,2
SC-4705336,Southern Co-op,1
SC-4705338,Southern Co-op,1
SC-4705341,Southern Co-op,1
SC-4705342,Southern Co-op,2
SC-4705344,Southern Co-op,3
SC-4705345,Southern Co-op,1
SC-4705347,Southern Co-op,1
SC-4705348,Southern Co-op,1
SC-4705351,Southern Co-op,1
SC-4705357,Southern Co-op,4
SC-4705359,Southern Co-op,2
SC-4705361,Southern Co-op,2
SC-4705362,Southern Co-op,2
SC-4705367,Southern Co-op,1
SC-4705370,Southern Co-op,1
SC-4819776,Southern Co-op,1
SC-4969604,Southern Co-op,4
SC-5029687,Southern Co-op,2
SC-5199578,Southern Co-op,2
SC-5199855,Southern Co-op,1
SC-5792588,Southern Co-op,1
SC-5891476,Southern Co-op,3
SC-5895829,Southern Co-op,1
SC-5896716,Southern Co-op,2
SC-5902041,Southern Co-op,2
SC-5932864,Southern Co-op,3
SC-5936135,Southern Co-op,1
SC-6149043,Southern Co-op,2
SC-6409828,Southern Co-op,1
